"Fit.statistics","glm","beta"
"AIC",-200.919820073656,-293.699429921977
"LR",1.88370480779935e+49,2.64149103681735e+69
"Residual Deviance",0.000160737124628098,1.5974892198278e-05
