"glm","beta"
0.39702555254719,0.1497118407982
-0.00352771188717245,0.49497903047256
-0.0279630688400054,0.460540550278144
-0.217357899477729,0.159355873892894
-0.236898223981845,0.131801721334342
0.215902656162831,0.737365312949415
0.0694638179628504,0.659957255146719
0.098904421211911,0.699624792442687
0.0536762912782319,0.636854361976419
0.0317863882591954,0.548687225868854
0.055146276648013,0.55894957404372
0.00394342694693653,0.514326610810502
