"Fit.statistics","glm","beta"
"AIC",-148.864522432294,-190.901579812798
"LR",9.36156778974328e+37,1.25770739480476e+47
"Residual Deviance",0.000682491965153937,0.000355637813971274
