"numDf","LogLik","Df","Chisq","Pr(>Chisq)","Deviance","dDeviance","LR","AIC","LR_Df","dAIC"
2,84.0970111420247,NA,NA,NA,168.194022284049,NA,NA,NA,NA,NA
4,84.1484518496837,2,0.102881415317938,0.949859967713715,168.296903699367,0.102881415317938,1.05278676224978,-7.89711858468206,0.526393381124889,NA
7,151.304217096776,3,134.311530494184,6.36526606483741e-29,302.608434193551,134.311530494184,1.46345130008888e+29,120.311530494184,4.87817100029626e+28,128.208649078866
13,159.849714960989,6,17.0909957284259,0.00895457553400675,319.699429921977,17.0909957284259,5143.54528173132,-8.90900427157408,857.257546955219,-129.220534765758
