"glm","beta"
0.177703931761043,0.0313563509244379
-0.00632842070596133,0.482253077902357
-0.0203866738044817,0.439385519795957
-0.0934595345612328,0.179851945063105
-0.105134507213153,0.140334868423849
0.154081825566005,0.785960908846301
0.0270152843427592,0.630896198747194
0.0430052796106181,0.6764161338395
0.0206061814254511,0.60593384266064
0.0190437180925621,0.554544457405227
-0.0130509306747768,0.485520830003727
-0.00206656646904767,0.523118763706068
