"glm","beta"
-17.1865123456506,1.19133258965955e-157
0.00856948027314712,0.544095664318951
0.00387999772893412,0.522248174312945
0.0104318415390451,0.555064322918697
0.000464580106849879,0.503897726760018
