"Fit.statistics","glm","beta"
"AIC",-763.155549016886,-1147.98780419621
"LR",522061783.818927,479930399.151525
"Residual Deviance",6.82292923082906e-05,2.5622215974173e-06
