"Fit.statistics","glm","beta"
"AIC",-763.155549016886,-1147.98780419621
"LR",52917061.6667897,49115586.56916
"Residual Deviance",6.82292923082906e-05,2.5622215974173e-06
