"Fit.statistics","glm","beta"
"AIC",-763.155549016886,-1147.98780419621
"LR",522061783.818927,479930399.151529
"R^2",0.296834571173961,0.295795773931126
"RMSE",0.0080769288400822,0.00155800122886093
"Residual Deviance",6.82292923082906e-05,2.56222159741729e-06
