Fit.statistics,glm,beta
AIC,28.82950246,-1070.851872
LR,0.001637227,2.76E+236
Residual Deviance,0.07143077,0.823286232
