,,GLM,,Beta,
,Df,LR_Df,dAIC,LR_Df,dAIC
Intercept,1,,,,
Pulse,4,37410570.56,0,2.14074E+11,0
Year,1,1.234366542,-39.2264006,1.23265741,-56.53341652
Month,1,15.55215556,3.067282666,125578.1016,21.06302167
